Title,URL,Description,Content
Trump's former chief of staff says he's a fascist. Harris says it reveals who Trump 'really is',https://www.cbc.ca/news/world/trump-kelly-fascist-1.7361016,Kamala Harris said Wednesday that recently reported comments Donald Trump made to his longest-serving chief of staff offer a window into who the former president “really is” and the kind of commander-in-chief he would be.,"Kamala Harris said Wednesday that recently reported comments Donald Trump made to his longest-serving chief of staff offer a window into who the former president ""really is"" and the kind of commander… [+6196 chars]"
Ford tells LCBO to find Ontario paper bag supplier weeks after $11M deal inked with Quebec firm,https://www.cbc.ca/news/canada/toronto/lcbo-paper-bag-supply-contract-ford-letter-1.7360654,"Premier Doug Ford has told the LCBO to find an Ontario-based supplier for its soon-to-be-reintroduced paper bags, only weeks after the Crown corporation confirmed a nearly $11-million contract with a Quebec producer.","Premier Doug Ford has told the LCBO to find an Ontario-based supplier for its soon-to-be-reintroduced paper bags, only weeks after the Crown corporation confirmed a nearly $11-million contract with a… [+2862 chars]"
Occupational Health and Safety investigating after Edmonton worker fatally struck by equipment,https://www.cbc.ca/news/canada/edmonton/workplace-death-edmonton-ohs-1.7360663,A man is dead after being struck by a piece of equipment Monday at a business in northwest Edmonton.,"A man is dead after being struck by a piece of equipment on the job Monday in northwest Edmonton.
Occupational Health and Safety officials are investigating the death of the worker at Gir Del Hydrau… [+784 chars]"
Calgary Wild FC women's pro soccer team announces its leaders,https://www.cbc.ca/sports/soccer/calgary-wild-fc-management-hires-northern-super-league-1.7360671,Calgary Wild FC has named Lara Murphy the women's pro soccer team's first chief executive officer and Lisa Oldridge its chief financial and operating officer.,"Calgary Wild FC has named Lara Murphy the women's pro soccer team's first chief executive officer and Lisa Oldridge its chief financial and operating officer.
Wild FC is one of six teams in the new … [+545 chars]"
Husband and wife get house arrest for defrauding search and rescue group,https://www.cbc.ca/news/canada/newfoundland-labrador/nl-brian-bishop-marina-bishop-fraud-sentence-casara-1.7360511,"Brian Bishop, 74, and Marina Bishop, 71, were given a 12-month conditional sentence plus a year of probation for bilking $82,000 from the Civil Air Search and Rescue Association.","A couple who defrauded a volunteer search and rescue organization of more than $82,000 have been sentenced to a year of house arrest, plus another year of probation.
Brian Bishop, 74, and Marina Bis… [+1997 chars]"
Bank of Canada cuts key interest rate by half point for first time since COVID-19 pandemic,https://www.cbc.ca/news/business/bank-of-canada-october-interest-rate-1.7360509,"The Bank of Canada has lowered its key interest rate to 3.75 per cent with a 50 basis-point cut, twice the size of the previous cut.","The Bank of Canada has lowered its key interest rate to 3.75 per cent, making a 50 basis-point cut for the first time since the COVID-19 pandemic.
Before Wednesday, the rate stood at 4.25 per cent. … [+1946 chars]"
National security cited as B.C. court orders seizure of engineer's anti-drone devices,https://www.cbc.ca/news/canada/british-columbia/skycope-drone-national-security-employment-1.7359965,"A B.C. Supreme Court judge has granted an extraordinary order to seize electronic devices from a former employee of Burnaby, B.C.,-based company specializing in anti-drone technology - citing national security interests and fears China or Russia might be tryi…",A B.C. Supreme Court judge has granted an extraordinary order to seize electronic devices from a former employee of a Lower Mainland company specializing in anti-drone technology  citing fears China … [+5915 chars]
The Independent candidate who may have spoiled a B.C. Conservative win in Vernon-Lumby has no regrets,https://www.cbc.ca/news/canada/british-columbia/kevin-acton-independent-candidate-vernon-lumby-1.7360052,"As final tabulations take place this week in the B.C. provincial election, a split in votes among right-leaning candidates may have paved the way for the B.C. NDP's potential victory in the closely contested riding of Vernon-Lumby.","As final tabulations take place this week in the B.C. provincial election, a split in votes among right-leaning candidates may have paved the way for the B.C. NDP's potential victory in the closely c… [+3901 chars]"
"'This time, it's different,' Winnipeg mayor says as he makes plea for new funding model from province",https://www.cbc.ca/news/canada/manitoba/winnipeg-mayor-funding-model-provincial-government-1.7360197,"Scott Gillingham acknowledges he's far from the first mayor of Winnipeg to try to squeeze more money out of the provincial government, but he insists the need is only becoming greater.","Scott Gillingham acknowledges he's far from the first mayor of Winnipeg to try to squeeze more money out of the provincial government, but he insists the need is only becoming greater.
""I know you'v… [+4332 chars]"
"Manitoba extends pause on new licences to sell cannabis at urban convenience stores, gas stations",https://www.cbc.ca/news/canada/manitoba/cannabis-urban-gas-stations-licences-paused-1.7360229,"The Manitoba government is extending its pause on approving a certain type of retail licence that would allow a range of businesses in urban areas to start selling cannabis, including gas stations.","The Manitoba government is extending its pause on approving a certain type of retail licence that would allow a range of businesses in urban areas to start selling cannabis, including gas stations.
… [+2302 chars]"
Bloc Québécois says it will end House of Commons stalemate if Liberals meet demands,https://www.cbc.ca/news/politics/bloc-house-of-commons-stalemate-demands-1.7359849,Bloc Québécois Leader Yves-François Blanchet says he's willing to end the stalemate in the House of Commons and get the government's business back on track if the Liberals make progress on the Bloc's demands.,Bloc Québécois Leader Yves-François Blanchet says he's willing to end the stalemate in the House of Commons and get the government's business back on track if the Liberals make progress on the Bloc's… [+4850 chars]
Surrey to build designated ash scattering pier,https://www.cbc.ca/news/canada/british-columbia/surrey-ash-scattering-pier-proposal-1.7359720,City councillors have directed staff to move forward on building a place from where grieving families can scatter the ashes of deceased loved ones into the Fraser River.,"City councillors have directed staff to move forward on building a place from where grieving families can scatter the ashes of deceased loved ones into the Fraser River.
""For many groups, ash scatte… [+2076 chars]"
"Incoming N.B. premier says tax break, rent cap will be first moves",https://www.cbc.ca/news/canada/new-brunswick/incoming-premier-says-tax-break-and-rent-cap-first-moves-1.7359657,New Brunswick’s premier designate says two of her first orders of business will be taking the 10 per cent provincial tax off of power bills and putting a cap on rent increases to help people who are struggling to make ends meet.,"New Brunswick's premier designate says two of her first orders of business will be taking the 10 per cent provincial tax off of power bills and putting a cap on rent increases to deliver relief ""quit… [+3742 chars]"
"'Pivotal landmark': NextStar Energy starts production on battery modules in Windsor, Ont.",https://www.cbc.ca/news/canada/windsor/nextstar-ev-energy-stellantis-windsor-battery-plant-vehicle-lee-danies-1.7359593,"The NextStar Energy plant in Windsor, Ont., is the first facility of its kind to begin production in Canada, and will eventually employ 2,500 people and spur a supply chain that could lead to thousands of additional jobs.","NextStar Energy, the massive electric vehicle battery plant in Windsor, Ont., has started production on battery modules, the plant announced Tuesday.
NextStar is the first facility of its kind to be… [+2249 chars]"
Winnipeg police charge teens in break-ins at 2 businesses,https://www.cbc.ca/news/canada/manitoba/winnipeg-youth-charged-in-break-enter-theft-1.7359571,"A pair of teenagers have been charged with theft and mischief over $5,000 after two businesses were broken into on Monday.","A pair of teenagers have been charged with theft and mischief over $5,000 after two businesses in North Kildonan were broken into early Monday.
Both businesses had windows smashed, causing thousands… [+1207 chars]"
"St. John's has no plans to introduce organic waste collection any time soon, says mayor",https://www.cbc.ca/news/canada/newfoundland-labrador/st-johns-organic-waste-plan-hold-1.7357596,St. John’s Mayor Danny Breen says expanding curbside pickup to include organic waste would take money and infrastructure the city doesn't have.,"The City of St. John's has no plans to extend its curbside pickup program to include organic waste, with the mayor saying they're waiting on the Newfoundland and Labrador government to step in with a… [+4035 chars]"
Former Abercrombie & Fitch CEO Mike Jeffries faces federal sex trafficking charges,https://www.cbc.ca/news/business/abercrombie-ceo-arrested-1.7359314,"Former Abercrombie & Fitch CEO Mike Jeffries, his romantic partner and a third man were arrested Tuesday on charges of luring men into sex parties held around the world, sometimes by dangling the promise of modeling for the clothing retailer.","WARNING: This story may affect those who have experienced sexual violence or know someone affected by it.
Former Abercrombie &amp; Fitch CEO Mike Jeffries, his romantic partner and a third man were … [+7240 chars]"
City of Calgary opens new $8.2 million tech innovation centre,https://www.cbc.ca/news/canada/calgary/city-of-calgary-opens-new-8-2-million-tech-innovation-centre-1.7359087,"Located in a renovated ground floor space in the city-owned Andrew Davison building downtown, the city says the Wave Tech Centre will allow various city departments and local businesses to incorporate technology into their ideas on how to deliver public servi…","The City of Calgary opened a new centre for technological innovation on Monday that came with a price tag of $8.2 million.
Located in a renovated ground floor space in the city-owned Andrew Davison … [+1755 chars]"
"Thousands of international students at Ontario colleges miss fall semester amid uncertainty, visa delays",https://www.cbc.ca/news/canada/hamilton/international-students-college-university-ontario-1.7359239,"Thousands of international students expected to study at three Ontario colleges are missing the fall semester, after Ottawa announced it would further tighten Canada's study permit system.","Thousands of international students expected to study at three Ontario colleges are missing the fall semester, after Ottawa announced it would further tighten Canada's study permit system.
Some scho… [+5281 chars]"
Runner recovering in hospital after collapsing at Winnipeg Fire Paramedic Service half-marathon,https://www.cbc.ca/news/canada/manitoba/wfps-half-marathon-runner-collapses-1.7359090,The man in charge of the Winnipeg Fire Paramedic Service half-marathon had to put his years of paramedic experience to use after a runner collapsed just after the finish line on Sunday.,"The man in charge of the Winnipeg Fire Paramedic Service half-marathon had to put his years of paramedic experience to use after a runner collapsed just after the finish line on Sunday.
Race directo… [+2003 chars]"
"The tide goes out for New Brunswick's Blaine Higgs, anti-politician",https://www.cbc.ca/news/canada/new-brunswick/the-tide-goes-out-for-blaine-higgs-anti-politician-1.7359002,"Blaine Higgs defined himself as an anti-politician willing to depart from old, predictable patterns of governing. It worked for him at first, but it caught up with him Monday.","Early in his tenure as premier, Blaine Higgs pointed to his work at Irving Oil and the immutable rhythms of the tides in the Bay of Fundy to explain how he would govern.
Ships heavy with refined gas… [+7626 chars]"
"10 years after shooting, the debate over securing Parliament Hill continues",https://www.cbc.ca/news/politics/ten-years-parliament-shooting-security-1.7358488,"Ten years after a gunman died in a hail of bullets in Parliament’s Centre Block, security on Parliament Hill is noticeably different, but the debate over how to safeguard Canada’s national legislature is still alive.","Ten years after a gunman died in a hail of bullets in Parliament's Centre Block, security on Parliament Hill is noticeably different  but the debate over how to safeguard Canada's national legislatur… [+5227 chars]"
"117 homebuyers out millions, as Ontario builder admits to selling homes without legal approvals",https://www.cbc.ca/news/canada/toronto/sunrise-homes-illegal-sales-1.7358494,"More than 100 people are out tens of thousands of dollars each, after Sunrise Homes, the developer of a pre-construction home project in Ontario, entered receivership. The builder admitted to CBC Toronto that he's been selling homes without getting legal appr…","More than 100 people are out tens of thousands of dollars each, after the developer of a pre-construction home project in Clearview, Ont., entered receivership. 
Rayyan Shahid and his wife, who are … [+8357 chars]"
"Big losers, big winners of N.B. election night",https://www.cbc.ca/news/canada/new-brunswick/wins-losses-provincial-election-1.7359143,"With the election of a Liberal majority in New Brunswick, here's a breakdown of some of the major wins and losses.","With the election of a Liberal majority in New Brunswick, here's a breakdown of some of the major wins and losses.<li>Greg Turner, the minister of post-secondary education, training and labour, lost … [+1378 chars]"
MPI's request to hike insurance cost prompts unexpected question from consumers' group: Is the ask too low?,https://www.cbc.ca/news/canada/manitoba/mpi-insurance-rate-too-low-consumers-group-1.7358492,"The new head of Manitoba Public Insurance says a three-per-cent rate hike it's proposing for the cost of auto insurance is high enough, even though some of her staff say the Crown corporation should ask motorists for even more.","The new head of Manitoba Public Insurance says a three-per-cent rate hike for the cost of auto insurance is high enough, even though some of her staff say the Crown corporation should ask motorists f… [+4190 chars]"
"Blaine Higgs loses seat, 'extremely unlikely' to remain as leader",https://www.cbc.ca/news/canada/new-brunswick/nb-election-pc-results-1.7358751,New Brunswick Premier Blaine Higgs lost his own seat in the election Monday and said it's unlikely he will remain as leader of the Progressive Conservative Party.,"New Brunswick Premier Blaine Higgs lost his own seat in the election Monday and said it's unlikely he will remain as leader of the Progressive Conservative Party.
Elections N.B. results show the par… [+4796 chars]"
"Israeli strike near Beirut hospital kills 4, including child, and wounds 24, Lebanese officials say",https://www.cbc.ca/news/world/israel-strikes-beirut-hospital-1.7358616,"A child and three adults were killed and 24 others were wounded on Monday in an Israeli strike near Rafik Hariri University Hospital, the main public hospital in the Lebanese capital, Beirut, the national Health Ministry said in a statement.","A child and three adults were killed and 24 others were wounded on Monday in an Israeli strike near Rafik Hariri University Hospital, the main public hospital in the Lebanese capital, Beirut, the nat… [+3615 chars]"
Former Iron Maiden lead singer Paul Di'Anno dead at 66,https://www.cbc.ca/news/entertainment/paul-di-anno-dies-1.7358662,"Paul Di'Anno, the frontman for British heavy metal group Iron Maiden's first two albums, has died. He was 66.","Paul Di'Anno, the one-time frontman for British heavy metal group Iron Maiden, has died. He was 66.
The singer's record label, Conquest Music, confirmed his death in a post on his public Facebook ac… [+2347 chars]"
Top fashion designers crowned at Canadian Arts & Fashion Awards,https://www.cbc.ca/news/entertainment/cafa-gala-fashion-designers-1.7358526,The Canadian Arts & Fashion Awards have crowned Beaufille and Spencer Badu this year's top fashion designers at a gala held in Toronto over the weekend.,"The Canadian Arts &amp; Fashion Awards have crowned Beaufille and Spencer Badu this year's top fashion designers.
Beaufille, founded and designed by sisters Chloe and Parris Gordon, was named womens… [+1456 chars]"
'Take your time': Trans Mountain CEO says Ottawa shouldn't rush to sell pipeline,https://www.cbc.ca/news/politics/trans-mountain-pipeline-maki-1.7358534,"Trans Mountain's new CEO is calling on the federal government to be a ""disciplined seller"" and to not rush to sell the newly twinned $34 billion pipeline.","Trans Mountain's new CEO says the federal government shouldn't rush to sell the newly twinned $34 billion pipeline.
""What the government needs to be here is a disciplined seller. Full stop. And a di… [+3416 chars]"
WNBA players union opts out of current collective bargaining agreement 2 years early,https://www.cbc.ca/sports/basketball/wnba-players-union-cba-opt-out-1.7358624,"The WNBA players union has decided to opt out of the current collective bargaining agreement, two years before its expiration. The league and players union had the option to do so before Nov. 1.","The WNBA players union has decided to opt out of the current collective bargaining agreement, two years before its expiration. The league and players union had the option to do so before Nov. 1.
The… [+2516 chars]"
2 men plead guilty to murder of Ripudaman Singh Malik,https://www.cbc.ca/news/canada/british-columbia/ripudaman-malik-guilty-plea-1.7358490,"Two B.C. men pleaded guilty Monday to second-degree murder in the July 2022 shooting death of Ripudaman Singh Malik, one of two men acquitted in the 1985 Air India bombings.","Two B.C. men pleaded guilty Monday to second-degree murder in the 2022 shooting death of Ripudaman Singh Malik, one of two men acquitted in the 1985 Air India bombings.
Tanner Fox and Jose Lopez ent… [+875 chars]"
"Six months on, what has the Trans Mountain pipeline project achieved and what's next?",https://www.cbc.ca/news/canada/calgary/trans-mountain-pipeline-cost-overruns-1.7357954,"Nearly six months after its opening, the Trans Mountain pipeline expansion is boosting Canada's energy sector as promised — but questions still linger about who will pay for the project's massive cost overruns.","Nearly six months after its opening, the Trans Mountain pipeline expansion is boosting Canada's energy sector as promised but questions still linger about who will pay for the project's massive cost … [+6389 chars]"
"Parliament returns amid partisan wrangling, rumblings about Trudeau's leadership",https://www.cbc.ca/news/politics/parliament-returns-trudeau-leadership-1.7358186,"The House of Commons returns today from a week-long break, but it's unlikely to be business as usual. Members of Parliament resumed an 11th day of debate on a Conservative demand for documents about federal spending on green technology projects.","The House of Commons returns today from a week-long break, but it's unlikely to be business as usual.
Members of Parliament are in their 11th day of debate on a Conservative demand for documents abo… [+1958 chars]"
Boeing proposal for workers could add more than $1 billion US in wages over 4 years,https://www.cbc.ca/news/business/boeing-proposed-contract-1.7358136,"Boeing has reached a tentative labour contract proposal that could see the company provide more than $1 billion US in wage increases for workers over four years, analysts say.","Boeing has reached a tentative labour contract proposal that could see the company provide more than $1 billion US in wage increases for workers over four years, analysts say. 
About 33,000 workers … [+2701 chars]"
"Lac du Bonnet water project flows from new spirit of co-operation between town and RM, say councillors",https://www.cbc.ca/news/canada/manitoba/lac-du-bonnet-water-project-1.7356120,"After years of discord and rivalries, the councils of the Town of Lac du Bonnet and the surrounding municipality say they're setting aside their differences in an effort to attract more economic opportunities to the area.","After years of discord and rivalries, the councils of the Town of Lac du Bonnet and the surrounding rural municipality say they're setting aside their differences in an effort to attract more economi… [+5191 chars]"
Sask. minister fired Crown corp. board chair who blew whistle on apparent conflicts of interest,https://www.cbc.ca/news/canada/saskatchewan/minister-jeremy-harrison-fired-crown-corp-board-chair-who-blew-the-whistle-on-apparent-conflicts-of-interest-1.7352049,"In early 2022, Dennis Fitzpatrick, the board chair of the Saskatchewan Research Council (SRC), raised concerns about possible conflicts of interest involving the organization's president and CEO, Mike Crabtree. Shortly after raising the concerns, Fitzpatrick …","As Dennis Fitzpatrick sat in an airport lounge in Calgary on Nov. 7, 2021, he received a surprising email. 
Little did he know, it would help him uncover a web of troubling relationships inside an i… [+23643 chars]"
"Two years ago, the world promised to protect nature. Pressure is mounting to deliver",https://www.cbc.ca/news/climate/cop16-biodiversity-setup-1.7356377,"Two years ago in Montreal, almost 200 countries signed a landmark agreement to reverse the loss of nature by the end of the decade. This week in Colombia, delegates will meet once again — and advocates are hoping to see them make good on their promises.","Two years ago in Montreal, nearly 200 countries signed a landmark agreement to reverse the loss of nature by the end of the decade and raise $700 billion a year to achieve that goal.
Over the next t… [+3834 chars]"
Post-pandemic frustration characterizes 3 provincial elections,https://www.cbc.ca/news/canada/new-brunswick/provinces-similar-election-campaigns-1.7357606,Frustration with the cost of living and party appeals to voter fears have made for close races in three provinces.,"The central issues in October's provincial elections in Canada have much in common.
Some are no surprise as the country grapples with health and cost-of-living challenges post-pandemic. 
St. Thomas… [+5043 chars]"
Cars torched on this Montreal street on back-to-back nights,https://www.cbc.ca/news/canada/montreal/toched-car-cartierville-arson-spvm-1.7357592,Montreal police say a car was deliberately set on fire for a second consecutive night on de Louisbourg Street in the city's Cartierville neighbourhood.,"For the second consecutive night, residents on a street in Montreal's Cartierville neighbourhood woke up to the sounds of firetrucks and smells of a criminal fire.
Montreal police say firefighters r… [+1287 chars]"
Abandoning net-zero emissions targets among policy proposals at UCP AGM,https://www.cbc.ca/news/canada/edmonton/abandoning-net-zero-emissions-targets-among-policy-proposals-at-ucp-agm-1.7357320,United Conservative Party members have proposed a resolution that would see the party take the stance of removing the designation of CO2 as a pollutant and abandoning net-zero targets in Alberta.,"United Conservative Party members have proposed a resolution that would see the party take the stance of removing the designation of CO2 as a pollutant and abandoning net-zero targets in Alberta. 
T… [+3741 chars]"
Halal claims exposed; Retailers spending millions on police to combat theft: CBC's Marketplace cheat sheet,https://www.cbc.ca/news/business/marketplace-cheat-sheet-oct20-1.7356708,CBC's Marketplace rounds up the consumer and health news you need from the week.,"Miss something this week? Don't panic. CBC's Marketplace rounds up the consumer and health news you need.
Want this in your inbox? Get the Marketplace newsletter every Friday.
Fast-food chains serv… [+6577 chars]"
Something looms in the air: A deep-freeze fiasco and the uncertainty of life,https://www.cbc.ca/news/canada/newfoundland-labrador/andrew-waterman-first-person-deep-freeze-1.7352290,"The phrase ""something looms in the air"" — the suggestion of impending disaster over a pleasant melody — sounds like a song to me.","I woke early on Saturday morning humming a simple melody. As I lay still under the covers, I could see the structure and chords of a song. It may as well have been written on the ceiling. A five-word… [+5045 chars]"
Why wait to retire? These Canadians are embracing the adult gap year instead,https://www.cbc.ca/radio/costofliving/adult-gap-year-mini-retirement-1.7354903,Human resources professionals say Canadian companies are seeing more employees asking to take absences from work that are longer than standard vacation time allows. Some call it a mini-retirement; others refer to it as an ‘adult gap year.’,"Nick Thompson and his wife, Melanie, love to watch their kids swim in the river near a waterfall on the property where they live in southern Ecuador, on the edge of the Amazon rainforest.
""It's the … [+7743 chars]"
"'Community cabinet' aims to add more Francophones, Indigenous fans to Sens fold",https://www.cbc.ca/news/canada/ottawa/community-cabinet-aims-to-add-more-francophones-indigenous-fans-to-sens-fold-1.7357314,"The Ottawa Senators franchise is looking to diversify its fan base with the announcement of a new ""community cabinet"" aimed at engaging with Francophone and Indigenous Canadians living in the Ottawa-Gatineau region","The Ottawa Senators franchise is looking to diversify its fan base with the announcement of a new ""community cabinet"" aimed at engaging with Francophone and Indigenous Canadians living in the Ottawa-… [+2907 chars]"
New report recommends Alberta remove auto insurance rate cap,https://www.cbc.ca/news/canada/calgary/alberta-auto-insurance-rate-cap-jack-mintz-1.7357230,"The province of Alberta should remove caps on insurance premiums, lower the provincial insurance tax rate and introduce a limited form of no-fault coverage, says a new report prepared for the Insurance Bureau of Canada.","The province of Alberta should remove caps on insurance premiums, lower the provincial insurance tax rate and introduce a limited form of no-fault coverage, says a new report prepared for the Insuran… [+5877 chars]"
"Pictou mayor, businesses call for more reliable ferry service to P.E.I.",https://www.cbc.ca/news/canada/nova-scotia/pictou-mayor-ferry-service-confederation-1.7355756,Business owners in Pictou N.S. are joining the mayor in calling for a more dependable ferry service after news the route to P.E.I. that was already suspended may not return until December.,"Business owners in Pictou, N.S., are joining the mayor in calling for a more dependable ferry service after newsthe route to P.E.I. that was already suspended may not return until December.
The town… [+3058 chars]"
Ontario craft brewers say they're struggling to keep up due to high taxes,https://www.cbc.ca/news/canada/toronto/ontario-craft-brewers-high-taxes-1.7356333,Ontario Craft Brewers says the provincial government needs to speed up its review of alcohol taxes as the retail market expands. The review started last year after the organization launched a campaign highlighting that Ontario has the highest craft beer taxes…,"Ontario craft brewers say the province needs to speed up its review of alcohol taxes, fearing small breweries will be forced to shut down because of them and be unable to grow amid an expanded retail… [+3388 chars]"
X is the latest social media site letting 3rd parties use your data to train AI models,https://www.cbc.ca/news/business/x-third-parties-user-data-1.7356152,"Starting Nov. 15, X will share user data — including posts, likes, bookmarks and reposts — with third-party platforms that may use the information to train AI models.","Elon Musk's X was already using your data to train its own artificial intelligence. Soon, it'll let other companies do the same.
Starting Nov. 15, the social media site formerly known as Twitter wil… [+4954 chars]"
"Gendered change room policy in Sask. schools would put trans kids at risk, say advocates, families",https://www.cbc.ca/news/canada/saskatoon/change-room-policy-transgender-reaction-1.7356488,"Saskatchewan Party Leader Scott Moe has said if re-elected this month, the party's ""first order of business"" would be a policy restricting students to change rooms based on their assigned sex at birth. Some advocates and families say trans kids are being used…","Some advocates and families in Saskatchewan say trans kids are being used as a political pawn in this year's election campaign, and they're concerned about a campaign promise made by one party this w… [+7103 chars]"
Where the parties stand on government transparency,https://www.cbc.ca/news/canada/new-brunswick/new-brunswick-transparency-right-to-information-1.7356308,Liberal and Progressive Conservative governments in New Brunswick have both been criticized for transparency and public accountability issues.,"Liberal and Progressive Conservative governments in New Brunswick have both been criticized for transparency and public accountability issues.
New Brunswick's Right to Information Act has been ranke… [+5044 chars]"
Immigration minister calls attempt to oust PM 'passive-aggressive ... weak',https://www.cbc.ca/news/politics/miller-passive-aggressive-oust-trudeau-1.7356544,"Immigration Minister Marc Miller said efforts of Liberals to get the prime minister to step aside is ""the most passive-aggressive"" display of questioning leadership he has ever seen.","Immigration Minister Marc Miller said Friday that an attempt by Liberal caucus members to get Prime Minister Justin Trudeau to step down is ""the most passive-aggressive"" display he has ever seen.
Mi… [+3446 chars]"
"How the proposed deal between provinces, smokers and tobacco companies would work work",https://www.cbc.ca/news/health/tobacco-compensation-payment-canada-provinces-smokers-1.7356282,Here are some key facts about the plan for Canada's three biggest tobacco companies to pay out $32.5 billion in compensation to provincial and territorial governments and to some smokers.,"A plan for Canada's three biggest tobacco companies to pay out $32.5 billion to provinces, territories and smokers is now in the works, but some hurdles remain before any money starts flowing. 
Here… [+4564 chars]"
Ottawa police delaying body-worn cameras until at least 2026,https://www.cbc.ca/news/canada/ottawa/ottawa-police-body-cameras-delay-1.7355946,"Ottawa police say it will be at least 14 months before officers can be outfitted with body-worn cameras, and are blaming the delay on budget constraints.","Ottawa police say it will be at least 14 months before officers can be outfitted with body-worn cameras, and are blaming the delay on budget constraints.
On Friday, Deputy Chief Steve Bell told the … [+2766 chars]"
Freedom of information system review would not be derailed by early N.S. election,https://www.cbc.ca/news/canada/nova-scotia/freedom-of-information-protection-of-privacy-government-1.7356343,"Work on a review of Nova Scotia's Freedom of Information and Protection of Privacy Act will continue even in the event of an early provincial election call, a Justice Department spokesperson says.","Work on a review of Nova Scotia's Freedom of Information and Protection of Privacy Act will continue even in the event of an early provincial election call, Justice Department spokesperson Lynette Ma… [+2834 chars]"
U.S. regulator investigating Tesla's self-driving software after fatal crash,https://www.cbc.ca/news/business/us-regulator-tesla-self-driving-1.7355794,"The U.S. National Highway Traffic Safety Administration says it's opening an investigation into 2.4 million Tesla vehicles with the automaker's Full Self-Driving software after four reported collisions, including a fatal crash.",The U.S. National Highway Traffic Safety Administration on Friday said it was opening an investigation into 2.4 million Tesla vehicles with the automaker's Full Self-Driving software after four repor… [+3551 chars]
Manitoba reaches deal to join federal school food program,https://www.cbc.ca/news/politics/friday-manitoba-school-food-1.7354975,Manitoba Premier Wab Kinew's NDP government is set today to become the second province to sign on for a slice of the $1 billion federal school food program.,"Manitoba Premier Wab Kinew's NDP government is set to become the second province to sign on for a slice of the $1 billion federal school food program.
Finance Minister Chrystia Freeland and Social D… [+6082 chars]"
Candidates differ on how to boost business in Port Hawkesbury,https://www.cbc.ca/news/canada/nova-scotia/candidates-differ-on-how-to-boost-business-port-hawkesbury-1.7354936,"Business growth is emerging as a key topic for Port Hawkesbury's seven town council hopefuls, but they're taking different approaches on how to bring more jobs to the town.","Business growth is emerging as a key topic for the candidates running for Port Hawkesbury town council in the Oct. 19 municipal election, but they're taking different approaches on how to bring more … [+3352 chars]"
Sports teams continue to penalize themselves with tone-deaf nicknames and marketing,https://www.cbc.ca/sports/shireen-ahmed-team-names-oct-18-1.7354933,"When it comes to choosing team nicknames, recent experiences show many heads in consultation and discussion are better than a few.","Last week, my colleague Brittany MacLean and I rated the newly released names and logos of the Northern Super League teams, which begins its inaugural season next spring.
After that discussion, I ke… [+7491 chars]"
Dead animal pickup times in Toronto prolonged by spike in calls,https://www.cbc.ca/news/canada/toronto/dead-animal-pickup-1.7354762,"It can now take more than a week for City of Toronto staff to retrieve an animal cadaver after it's reported. And that stinks, according to one city councillor.","It can now take weeks for City of Toronto staff to retrieve an animal cadaver after it's reported. And that track record stinks, according to one city councillor.
A motion by Brad Bradford (Ward 19,… [+3443 chars]"
"Fast-food chains serving up halal food with a side of misinformation, expired certificates",https://www.cbc.ca/news/marketplace/fast-food-chains-serving-up-halal-food-with-a-side-of-misinformation-expired-certificates-1.7352523,"Some of Canada’s most popular restaurants are now serving halal food, but a Marketplace investigation finds many popular chains including KFC and Boston Pizza can't always answer basic questions about the halal food they serve, or provide proof to back their …","Challenging and frustrating. 
That's how Mohammad Arfan describes his experience trying to get the answers he needs before sitting down to a meal. 
As the face of In2Spices,
 a YouTube channel he … [+9351 chars]"
Alberta government 'deeply concerned' with Bloc Québécois supply management bill,https://www.cbc.ca/news/canada/calgary/supply-management-bloc-quebecois-yves-fran%C3%A7ois-blanchet-1.7355248,"Though Bill C-282 has received cross-party federal support in Ottawa, Alberta's provincial government says it's not a backer of the Bloc Québécois legislation that aims to prevent Canada's supply-managed sectors — dairy, poultry and eggs — from being included…","Though Bill C-282 has received cross-party federal support in Ottawa, Alberta's provincial government says it's not a backer of the Bloc Québécois legislation that aims to prevent Canada's supply-man… [+8057 chars]"
"'We want the game to grow': Sonndr Cafe in west Toronto promoting soccer culture, community",https://www.cbc.ca/sports/soccer/sonndr-soccer-cafe-toronto-1.7350926,"A neighbourly cafe in west Toronto has emerged as a hub for its growing community. However, the owners — united by a love of soccer — are doing more than just providing a caffeine fix; they’re fostering a culture of belonging through a passion for the sport.","A neighbourly cafe in west Toronto has emerged as a hub for its growing community.
However, the owners united by a love of soccer of Sonndr Cafe are doing more than just providing a caffeine fix; th… [+4745 chars]"
Sask. Party's '1st order of business' to be gendered change room policy in schools: Scott Moe,https://www.cbc.ca/news/canada/saskatchewan/sask-changeroom-policy-1.7355068,"The policy was not part of the platform released over the weekend. Moe said the party was just alerted to concerns ""recently.""","Saskatchewan Party Leader Scott Moe said Thursday that his ""first order of business"" if re-elected this month would be to establish a policy restricting students' use of change rooms in the province'… [+5326 chars]"
"EV chargers draw customers to local businesses, study suggests",https://www.cbc.ca/news/science/what-on-earth-ev-chargers-1.7354629,"In this week's issue of our environmental newsletter, we see how EV chargers give nearby businesses a boost, how communities are protecting drinking water from toxic algae, and look at a greener shipping option now available in Canada.","Our planet is changing. So is our journalism. Keep up with the latest news on our Climate and Environment page.
Sign up here to get this newsletter in your inbox every Thursday. 
This week:
<ul><l… [+10776 chars]"
Vape sales to minors are on the rise in Ottawa. Licensing could help,https://www.cbc.ca/news/canada/ottawa/vape-sales-to-minors-are-on-the-rise-in-ottawa-licensing-could-help-1.7354884,"Vape retailers in Ottawa may need to be licensed by the end of next month, with the city set to use those fees to finance a crackdown on stores that sell vaping products to people under the age of 19.","Vape retailers in Ottawa may need to be licensed by the end of next month, with the city set to use those fees to finance a crackdown on stores that sell vaping products to people under the age of 19… [+3019 chars]"
"Scotiabank closes branch in Grand Bank, latest in widening rural exodus",https://www.cbc.ca/news/canada/newfoundland-labrador/scotiabank-closes-grand-bank-branch-1.7354512,"Grand Bank's only banking institution has officially closed its doors, and the town's mayor says he is disappointed and frustrated, as that means many residents who rely on the in-person service will be at a loss.","After more than a hundred years in operation, the Scotiabank branch in Grand Bank permanently closed as of Thursday, a sign of the times as the banking giant continues to consolidate some of its rura… [+3370 chars]"
India denies working with mobsters to target Sikh separatists on Canadian soil,https://www.cbc.ca/news/politics/india-denies-canadas-allegation-it-has-worked-with-mobsters-1.7354861,India's government on Thursday denied it was working with mobsters to target Sikh separatists in Canada as alleged publicly this week by Canadian officials in an escalating diplomatic dispute.,"India's government on Thursday denied it was working with mobsters to target Sikh separatists in Canada as alleged publicly this week by Canadian officials in an escalating diplomatic dispute.
India… [+3814 chars]"
What are B.C. parties' policies for easing the housing crisis?,https://www.cbc.ca/news/canada/british-columbia/election-housing-platform-1.7354687,"British Columbia voters face no shortage of policies when it comes to tackling the province's housing woes in the run-up to Saturday's election, with clear choices for the next government's approach.","British Columbia voters face no shortage of policies when it comes to tackling the province's housing woes in the run-up to Saturday's election, with clear choices for the next government's approach.… [+7952 chars]"
"PBO says deficit likely exceeded Liberals' $40B pledge, economy to rebound in 2025",https://www.cbc.ca/news/politics/pbo-deficit-projection-1.7354804,The parliamentary budget officer says the federal government likely failed to keep its deficit below its promised $40 billion cap in the last fiscal year.,"The parliamentary budget officer says the federal government likely failed to keep its deficit below its promised $40 billion cap in the last fiscal year.
However, the PBO also projects in its lates… [+741 chars]"
"Doctor registrations up in Alberta, but physicians say numbers don't tell the full story",https://www.cbc.ca/news/canada/calgary/doctor-registrations-alberta-numbers-context-family-1.7354369,"While the Alberta government is celebrating a net increase of 518 registered doctors over the last year, some physicians say it’s too early to get excited about improved access to health care.","While the Alberta government is celebrating a net increase of 518 registered doctors over the last year, some physicians say it's too early to get excited about improved access to health care. 
From… [+3165 chars]"
"Young B.C. voters want action on affordability, climate and housing",https://www.cbc.ca/news/canada/british-columbia/young-bc-voters-2024-1.7354337,"As election day nears, candidates from the province’s top parties are looking to court young voters. Despite historically having the lowest turnout of any age group, some pollsters say people aged 18 to 34 could be a voting block that sways a tight election.","With only days left before B.C. determines its next government, 30-year-old Raymond Squires says he's still unsure which way he'll vote, but that the cost of living will certainly influence his decis… [+4360 chars]"
Treasured Annex magazine shop set to close after rent hike,https://www.cbc.ca/news/canada/toronto/presse-internationale-rent-hike-1.7354150,A beloved magazine boutique in the Toronto's Annex neighbourhood says it will soon be forced to shut its doors after 30 years of business due to a rent hike it can't afford.,"A beloved magazine boutique in the Toronto's Annex neighbourhood says it will soon be forced to shut its doors after 30 years of business due to a rent hike it can't afford.
Presse Internationale ca… [+2746 chars]"
Billion-dollar election platforms pose threat to 8-year streak of N.B. budget surpluses,https://www.cbc.ca/news/canada/new-brunswick/nb-fiscal-fantasies-2024-1.7353939,"Over the last month, New Brunswick Liberals, Progressive Conservatives and Greens have made commitments to voters for the next four years that total, by their own math, between $1.3 billion and $3.2 billion.","New Brunswick is on pace to post its eighth straight budget surplus this year. 
It's the longest streak in Canada but may be at risk no matter how Monday's election turns out, given the budget-busti… [+6640 chars]"
Federal office mandate burdening Ottawa doctors as public servants seek medical notes,https://www.cbc.ca/news/canada/ottawa/federal-office-mandate-burdening-ottawa-doctors-as-public-servants-seek-medical-notes-1.7352351,"Ottawa family doctors are seeing an influx of public servants looking for medical notes to support work-from-home requests, putting added strain on an already overburdened health-care system.","Family doctors in Ottawa are seeing an influx of public servants looking for medical notes to support work-from-home requests, putting added strain on an already overburdened health-care system.
Dr.… [+5641 chars]"
Meeting on Bloor Street West bike lanes draws over 300 people,https://www.cbc.ca/news/canada/toronto/bike-rally-community-meeting-bike-lanes-bloor-street-west-1.7354291,Emotions ran high on Wednesday evening at a community meeting about Bloor Street West bike lanes.,"Emotions ran high at a community meeting about Bloor Street West bike lanes on Wednesday evening.
At Etobicoke Collegiate Institute, where the meeting was held, there was a clear divide between thos… [+4769 chars]"
Winnipeg business owner offers 2 teen shoplifters chance to correct wrongs — instead of charges,https://www.cbc.ca/news/canada/manitoba/winnipeg-four-crowns-theft-youth-1.7354280,A Winnipeg business owner says he turned to the community instead of the police after two youths recently stole from his store because he wanted to give them a second chance — and he's glad he did.,"A Winnipeg business owner says he turned to the community instead of the police after two youths recently stole from his store because he wanted to give them a second chance  and he's glad he did.
R… [+4321 chars]"
"Migrant workers need permanent residency status, advocates say",https://www.cbc.ca/news/canada/british-columbia/migrant-workers-permanent-residency-1.7354188,Advocates for migrant workers are calling for Canada to overhaul its migrant worker program and expand permanent residency admissions.,"Advocates for migrant workers are calling for Canada to overhaul its migrant worker program and expand permanent residency admissions. 
Speaking at a news conference Wednesday, workers and advocates… [+4892 chars]"
Montreal reaches deal with Hypertec to preserve Technoparc greenspace,https://www.cbc.ca/news/canada/montreal/hypertec-greenspace-city-deal-1.7353827,The City of Montreal announced on Wednesday that it had reached a deal with a company to protect a plot of land home to wetlands and rare birds.,"The City of Montreal announced on Wednesday that it had reached a deal with a company to protect a plot of land home to wetlands and rare birds on the western part of the island. 
Hypertec, a Montre… [+1537 chars]"
Widow lost her 'best friend of 22 years' when Ontario dad of 3 killed after ejection from waste truck,https://www.cbc.ca/news/canada/hamilton/norfolk-disposal-services-limited-sentenced-1.7353655,"A waste disposal company in Norfolk County, Ont., pleaded guilty to contravening the Occupational Health and Safety Act and agreed to pay a fine in relation to a worker’s death in April 2022. In a victim impact statement, his daughter said, ""I will spend the …","A waste disposal company in Norfolk County, Ont., has pleaded guilty to contravening the Occupational Health and Safety Act and agreed to pay a fine in relation to a worker's death in April 2022.
No… [+5563 chars]"
Couple admits to defrauding volunteer search and rescue organization for 6 years,https://www.cbc.ca/news/canada/newfoundland-labrador/nl-brian-marina-bishop-casara-fraud-guilty-1.7353640,"A husband and wife have pleaded guilty to bilking more than $82,000 from CASARA, in which they held long-time senior roles.","A husband and wife have pleaded guilty to bilking more than $82,000 from a volunteer search and rescue organization in which they held long-time senior roles.
Brian Bishop, 74, and Marina Bishop, 71… [+4054 chars]"
Distinguished Canadian journalist Robert Fulford dead at 92,https://www.cbc.ca/news/entertainment/obit-canadian-journalist-fulford-1.7353340,"Robert Fulford, a prominent figure in Canadian journalism in print and broadcast for for seven decades, died Tuesday at age 92.","Robert Fulford, a prominent figure in Canadian journalism for seven decades, has died at age 92.
Fulford died Tuesday afternoon ""peacefully and surrounded by family,"" according to Sarah Fulford, edi… [+5548 chars]"
Ontario's latest move to accelerate building could land cities in legal quagmire,https://www.cbc.ca/news/canada/ottawa/ontario-s-latest-move-to-accelerate-building-could-land-cities-in-legal-quagmire-1.7353096,"Ontario cities worry the province changing how and when developers can apply to build outside the urban boundary will make long-term planning difficult and saddle them with more applications, more appeals and heftier costs.","Ontario cities worry the province changing how and when developers can apply to build outside the urban boundary will make long-term planning difficult and saddle them with more applications, more ap… [+4346 chars]"
Major retailers spend millions hiring Winnipeg police officers on OT to stop shoplifters,https://www.cbc.ca/news/canada/manitoba/police-superstore-special-theft-1.7349223,"One of Canada's largest retailers is spending more than $200,000 a month hiring Winnipeg police officers to protect its business, an increase police and experts say points to the growing crisis of retail theft in the city.","One of Canada's largest retailers is spending more than $200,000 a month hiring Winnipeg police officers to protect its business, an increase police and experts say points to the growing crisis of re… [+7530 chars]"
"Spruce Lake Industrial Park expansion slowed down, Saint John creates task force",https://www.cbc.ca/news/canada/new-brunswick/spruce-lake-industrial-park-expansion-lorneville-saint-john-task-force-1.7352865,Saint John has hit the brakes on plans to expand the Spruce Lake Industrial Park and will create a task force to encourage further discussion of the controversial project.,"Saint John has hit the brakes on plans to expand the Spruce Lake Industrial Park and will create a task force to encourage further discussion of the controversial project.
At a meeting Tuesday night… [+3518 chars]"
NHL hopes to score big audiences with Amazon streaming launch,https://www.cbc.ca/news/entertainment/nhl-streaming-era-future-1.7352389,Amazon Prime Video's new NHL broadcast Prime Monday Night Hockey — the league's first exclusive national broadcast package with a digital-only streaming service in Canada — aired for the first time Monday night. What does it mean for the future of the sport?,"The NHL has officially joined the world of streaming. 
Amazon Prime Video's new National Hockey League broadcast Prime Monday Night Hockey  the league's first exclusive national broadcast package wi… [+4569 chars]"
These busted solar panels are an early example of a looming problem,https://www.cbc.ca/news/canada/calgary/these-busted-solar-panels-are-an-early-example-of-a-looming-problem-1.7349406,"Right now, Canada's renewable energy infrastructure — both solar panels and wind turbines — is fairly new. But according to the Smart Prosperity Institute, by 2050 the country will be dealing with hundreds of thousands of tonnes of unusable panels and blades.","In a sprawling industrial building in Brooks, Alta., about two hours east of Calgary, is a former pheasant hatchery that's now stacked waist-high with thousands of dusty, damaged solar panels. 
Dan … [+6788 chars]"
These busted solar panels are an early example of a problem — and an opportunity,https://www.cbc.ca/news/canada/calgary/these-busted-solar-panels-are-an-early-example-of-a-problem-and-an-opportunity-1.7349406,"Right now, Canada's renewable energy infrastructure — both solar panels and wind turbines — is fairly new. But according to the Smart Prosperity Institute, by 2050 the country will be dealing with hundreds of thousands of tonnes of unusable panels and blades.","In a sprawling industrial building in Brooks, Alta., about two hours east of Calgary, is a former pheasant hatchery that's now stacked waist-high with thousands of dusty, damaged solar panels. 
Dan … [+6788 chars]"
These busted solar panels are an early example of a looming problem — and an opportunity,https://www.cbc.ca/news/canada/calgary/these-busted-solar-panels-are-an-early-example-of-a-looming-problem-and-an-opportunity-1.7349406,"Right now, Canada's renewable energy infrastructure — both solar panels and wind turbines — is fairly new. But according to the Smart Prosperity Institute, by 2050 the country will be dealing with hundreds of thousands of tonnes of unusable panels and blades.","In a sprawling industrial building in Brooks, Alta., about two hours east of Calgary, is a former pheasant hatchery that's now stacked waist-high with thousands of dusty, damaged solar panels. 
Dan … [+6865 chars]"
Pair of 25-storey residential towers proposed for Edmonton's 124th Street,https://www.cbc.ca/news/canada/edmonton/local-business-owner-infrastructure-proposal-1.7353244,A new proposed residential development on 124th Street isn't sitting right with one local business owner.,"A new proposed residential development on 124th Street isn't sitting right with one local business owner.
Casia Developments is behind two proposed high-rise buildings on 124th Street between 105th … [+2637 chars]"
"Diplomatic dispute bad for business, says GTA firm that helps people travel to India",https://www.cbc.ca/news/canada/toronto/canada-india-dispute-brampton-business-1.7353153,A diplomatic dispute between Canada and India appears to be having a big impact on a Brampton business that helps people who travel back and forth between the two countries.,"A diplomatic dispute between Canada and India appears to be having a big impact on a Brampton business that helps people who travel back and forth between the two countries.
Apna Bharat Passport and… [+3488 chars]"
Business leaders call on governments to invest in downtown Edmonton,https://www.cbc.ca/news/canada/edmonton/business-leaders-call-on-governments-to-invest-in-downtown-edmonton-1.7353158,A group of Edmonton business leaders say rejuvenating the city's downtown core will take about $500 million over 10 years with commitment from all levels of government.,"Edmonton business leaders say rejuvenating the city's downtown core will take about $500 million over 10 years with commitment from all levels of government.
A coalition of groups presented a downto… [+4463 chars]"
'Not business as usual': Calgary Public Library still in early stages of cyberattack probe,https://www.cbc.ca/news/canada/calgary/calgary-public-library-investigation-cyberattack-1.7353097,The Calgary Public Library is still assessing the damage that was done to its systems after a cyberattack forced the closure of all its physical locations last week.,"The Calgary Public Library (CPL) is still assessing the damage that was done to its systems after a cyberattack forced the closure of all 22 of its physical locations last week.
Speaking on The Home… [+3550 chars]"
Group of girls stabbed 2 women in Thompson: RCMP,https://www.cbc.ca/news/canada/manitoba/thompson-rcmp-investigate-two-women-stabbed-1.7352950,"Two women were stabbed in Thompson on Friday, and the RCMP is asking the public for help identifying their attackers.","Two women were stabbed in Thompson on Friday, and the RCMP is asking the public for help identifying their attackers.
Mounties provided first aid to a woman, 33, who had been stabbed outside a busin… [+792 chars]"
Canada Soccer CEO Kevin Blue's methodical approach paying early dividends ahead of 2026 men's World Cup,https://www.cbc.ca/sports/soccer/canada-soccer-kevin-blue-chris-jones-oct15-1.7352502,"On Tuesday, Kevin Blue, Canada Soccer's CEO and general secretary, called the players on the men's and women's national teams ""our biggest resource."" How to make the most of them sits at the top of his unenviable to-do list.","On Tuesday, Kevin Blue, Canada Soccer's CEO and general secretary, called the players on the men's and women's national teams ""our biggest resource."" How to make the most of them sits at the top of h… [+4967 chars]"
Winnipeg doctor suspended for misconduct deemed 'damaging to the reputation of the profession',https://www.cbc.ca/news/canada/manitoba/winnipeg-doctor-suspended-misconduct-1.7352743,"A Winnipeg doctor has been suspended for six months and fined $5,000 after pleading guilty to a pattern of professional misconduct over several years that included submitting claims for services he never provided and fabricating a document to mislead investig…","A Winnipeg doctor has been suspended for six months and fined $5,000 after pleading guilty to a pattern of professional misconduct over several years that included submitting claims for services he n… [+5030 chars]"
Bubble tea company apologizes after Dragons' Den cultural appropriation spat,https://www.cbc.ca/news/business/bobba-bubble-tea-company-dragons-den-simu-1.7352304,"A Quebec company has apologized following an appearance on CBC's Dragons' Den, during which celebrity judge Simu Liu expressed concerns that the brand was culturally appropriating a Taiwanese beverage.","A Quebec company has apologized following an appearance on CBC's Dragons' Den, during which celebrity judge Simu Liu expressed concerns that the brand was culturally appropriating a Taiwanese beverag… [+4376 chars]"
Canadian bubble tea company apologizes after Dragons' Den cultural appropriation spat,https://www.cbc.ca/news/business/bobba-canadian-bubble-tea-company-dragons-den-simu-1.7352304,"A Canadian company has apologized following an appearance on CBC's Dragons' Den, during which celebrity judge Simu Liu expressed concerns that the brand was culturally appropriating a Taiwanese beverage.","A Canadian company has apologized following an appearance on CBC's Dragons' Den, during which celebrity judge Simu Liu expressed concerns that the brand was culturally appropriating a Taiwanese bever… [+5601 chars]"
Bubble tea company apologizes after Dragons' Den cultural appropriation spat,https://www.cbc.ca/news/business/bobba-bubble-tea-dragons-den-controversy-1.7352304,"A Quebec company has apologized following an appearance on CBC's Dragons' Den, during which celebrity judge Simu Liu expressed concerns that the brand was culturally appropriating a Taiwanese beverage.","A Quebec company has apologized following an appearance on CBC's Dragons' Den, during which celebrity judge Simu Liu expressed concerns that the brand was culturally appropriating a Taiwanese beverag… [+4031 chars]"
"MLA Obby Khan, hotelier Wally Daudrich meet deadline to run for Manitoba PC leader",https://www.cbc.ca/news/canada/manitoba/manitoba-pcs-leadership-candidates-1.7352619,"The deadline to run for leader of Manitoba's Progressive Conservative Party has closed with two candidates seeking to head up the Official Opposition. However, it might take another week for the party to determine whether there will be a competitive race.","The deadline to run for leader of Manitoba's Progressive Conservative Party closed with two candidates seeking to head up the Official Opposition.
However, it might take another week for the party t… [+3035 chars]"
"Bank of Canada cuts key interest rate by half point for first time since COVID-19 pandemic","https://www.cbc.ca/news/business/bank-of-canada-october-interest-rate-1.7360509","The Bank of Canada lowers its key interest rate by 50 basis points to combat economic challenges.",""
"MPI's request to hike insurance cost prompts unexpected question from consumers' group","https://www.cbc.ca/news/canada/manitoba/mpi-insurance-rate-too-low-consumers-group-1.7358492","Manitoba Public Insurance’s proposed rate hike is questioned by a consumer advocacy group.",""
"PBO says deficit likely exceeded Liberals' $40B pledge, economy to rebound in 2025","https://www.cbc.ca/news/politics/pbo-deficit-projection-1.7354804","Canada’s parliamentary budget officer projects a potential deficit increase and a recovery by 2025.",""
"New report recommends Alberta remove auto insurance rate cap","https://www.cbc.ca/news/canada/calgary/alberta-auto-insurance-rate-cap-jack-mintz-1.7357230","The Insurance Bureau of Canada suggests removing Alberta’s insurance rate cap.",""
"Ford tells LCBO to find Ontario paper bag supplier weeks after $11M deal inked with Quebec firm","https://www.cbc.ca/news/canada/toronto/lcbo-paper-bag-supply-contract-ford-letter-1.7360654","Ontario Premier Doug Ford requests a local supplier for LCBO paper bags, challenging a recent contract.",""
"Ontario craft brewers say they're struggling to keep up due to high taxes","https://www.cbc.ca/news/canada/toronto/ontario-craft-brewers-high-taxes-1.7356333","Craft brewers in Ontario call for a review of high taxes impacting small businesses.",""
"Bloc Québécois says it will end House of Commons stalemate if Liberals meet demands","https://www.cbc.ca/news/politics/bloc-house-of-commons-stalemate-demands-1.7359849","Bloc Québécois Leader Yves-François Blanchet offers to end the House stalemate if demands are met.",""
"Manitoba extends pause on new licences to sell cannabis at urban convenience stores, gas stations","https://www.cbc.ca/news/canada/manitoba/cannabis-urban-gas-stations-licences-paused-1.7360229","Manitoba pauses urban cannabis license approvals, affecting gas stations and convenience stores.",""
"Incoming N.B. premier says tax break, rent cap will be first moves","https://www.cbc.ca/news/canada/new-brunswick/incoming-premier-says-tax-break-and-rent-cap-first-moves-1.7359657","New Brunswick’s incoming premier promises to implement a rent cap and tax break for relief.",""
"NextStar Energy starts production on battery modules in Windsor, Ont.","https://www.cbc.ca/news/canada/windsor/nextstar-ev-energy-stellantis-windsor-battery-plant-vehicle-lee-danies-1.7359593","Canada’s first battery module plant begins production, potentially adding thousands of jobs.",""
"Canada Soccer CEO’s methodical approach paying early dividends","https://www.cbc.ca/sports/soccer/canada-soccer-kevin-blue-chris-jones-oct15-1.7352502","Canada Soccer CEO’s strategic efforts aim to improve funding and resource allocation.",""
"Bubble tea company apologizes after Dragons' Den cultural appropriation spat","https://www.cbc.ca/news/business/bobba-bubble-tea-company-dragons-den-simu-1.7352304","A Quebec company apologizes following cultural appropriation concerns on CBC’s Dragons' Den.",""
"Scotiabank closes branch in Grand Bank amid rural exodus","https://www.cbc.ca/news/canada/newfoundland-labrador/scotiabank-closes-grand-bank-branch-1.7354512","Scotiabank’s rural branch closure reflects a trend of reduced in-person services.",""
"Canada joins Colombia at COP16","https://www.cbc.ca/news/climate/cop16-biodiversity-setup-1.7356377","Canada joins international discussions at COP16 to reverse biodiversity loss.",""
"Federal office mandate strains Ottawa doctors as public servants seek work-from-home notes","https://www.cbc.ca/news/canada/ottawa/federal-office-mandate-burdening-ottawa-doctors-as-public-servants-seek-medical-notes-1.7352351","Ottawa doctors see a surge in requests for medical notes to support telework flexibility.",""
"Boeing's $1 billion worker wage proposal over four years","https://www.cbc.ca/news/business/boeing-proposed-contract-1.7358136","Boeing’s labor contract proposal includes over $1 billion in wage increases for employees.",""
"These busted solar panels signal a recycling problem","https://www.cbc.ca/news/canada/calgary/these-busted-solar-panels-are-an-early-example-of-a-looming-problem-1.7349406","Damaged solar panels hint at future recycling challenges in Canada’s renewable energy sector.",""
"Alberta government opposes Bloc Québécois supply management bill","https://www.cbc.ca/news/canada/calgary/supply-management-bloc-quebecois-yves-fran%C3%A7ois-blanchet-1.7355248","Alberta voices concerns over federal bill restricting supply-managed goods in trade.",""
"U.S. regulator probes Tesla’s self-driving software after fatal crash","https://www.cbc.ca/news/business/us-regulator-tesla-self-driving-1.7355794","NHTSA investigates Tesla's software after four collisions involving Full Self-Driving.",""
"Major retailers spend millions to tackle retail theft crisis","https://www.cbc.ca/news/canada/manitoba/police-superstore-special-theft-1.7349223","Major Canadian retailers invest heavily in police to address escalating retail theft.",""
"Amazon launches NHL streaming package for Canadian audience","https://www.cbc.ca/news/entertainment/nhl-streaming-era-future-1.7352389","Amazon Prime offers exclusive NHL streaming, signaling a shift toward digital-only broadcasts.",""
"Alberta sees doctor registration increase, but access challenges remain","https://www.cbc.ca/news/canada/calgary/doctor-registrations-alberta-numbers-context-family-1.7354369","Alberta celebrates increased doctor registrations but faces ongoing healthcare access issues.",""
"Doctor calls for overhaul of Canada’s migrant worker program","https://www.cbc.ca/news/canada/british-columbia/migrant-workers-permanent-residency-1.7354188","Advocates call for changes in Canada’s migrant worker program to improve residency access.",""
"Ottawa police delay body camera rollout to 2026","https://www.cbc.ca/news/canada/ottawa/ottawa-police-body-cameras-delay-1.7355946","Budget constraints postpone Ottawa’s police body-worn camera program until 2026.",""
"Ottawa cafe Sonndr promotes soccer culture through community engagement","https://www.cbc.ca/sports/soccer/sonndr-soccer-cafe-toronto-1.7350926","Toronto cafe Sonndr builds community bonds with soccer-themed events and gatherings.",""
"Trans Mountain CEO advises caution in pipeline sale","https://www.cbc.ca/news/politics/trans-mountain-pipeline-maki-1.7358534","Trans Mountain’s CEO recommends a disciplined approach for the pipeline’s sale.",""
"Group of girls accused of stabbing two women in Manitoba","https://www.cbc.ca/news/canada/manitoba/thompson-rcmp-investigate-two-women-stabbed-1.7352950","RCMP in Manitoba request public assistance in identifying suspects in a violent incident.",""
"B.C. Premier addresses housing affordability and policy strategies","https://www.cbc.ca/news/canada/british-columbia/election-housing-platform-1.7354687","British Columbia’s housing policies are debated as election day nears.",""
"Manitoba's NDP secures deal to join federal school food program","https://www.cbc.ca/news/politics/friday-manitoba-school-food-1.7354975","Manitoba becomes the second province to join the federal school food program.",""
"Abercrombie’s former CEO faces federal charges","https://www.cbc.ca/news/business/abercrombie-ceo-arrested-1.7359314","Ex-Abercrombie CEO faces charges in a high-profile case involving abuse allegations.",""
"Calgary announces opening of an $8.2M tech innovation center","https://www.cbc.ca/news/canada/calgary/city-of-calgary-opens-new-8-2-million-tech-innovation-centre-1.7359087","Calgary’s Wave Tech Center aims to foster technology advancements for local businesses.",""
"Israel's Beirut hospital strike sparks international response","https://www.cbc.ca/news/world/israel-strikes-beirut-hospital-1.7358616","An Israeli strike in Beirut near a hospital leads to casualties, triggering widespread concern.",""




